<?xml version="1.0" encoding = "UTF-8"?>
<users>
<user username="other" password="potatoes">
	<review restaurant="THE UNDERGROUND">
		<rating>5</rating>
		<comment>No Comment</comment>
	</review>
	<review restaurant="iNOODLE">
		<rating>5</rating>
		<comment>No Comment</comment>
	</review>
	<review restaurant="THE EXCHANGE">
		<rating>9</rating>
		<comment>Fairly good</comment>
	</review>
</user>
<user username="testUser" password="hello">
	<review restaurant="THE UNDERGROUND">
		<rating>10</rating>
		<comment>Great!!!!!!!!</comment>
	</review>
	<review restaurant="BOWL LIFE">
		<rating>9</rating>
		<comment>Pretty Good</comment>
	</review>
	<review restaurant="CHICKLE">
		<rating>8</rating>
		<comment>Okay</comment>
	</review>
</user>
</users>